"LEMAIRE, Henri"; 
"MEISTER, Jacob"; 
"NOUGARET, Pierre-Jean-Baptiste"; 
"PIGAULT-LEBRUN, Charles-Antoine-Guillaume"; 
"PIGAULT-LEBRUN, Charlcs-Antoine-Guillaume"; 
"PIGAULT-LEBRUN, Charles-Antoine-Guillaume"; 
"PIGAULT-LEBRUN, Charles-Antoine-Guillaume"; 
"PIGAULT-LEBRUN, Charles-Antoine-Guillaume"; 
"PILKINGTON, Mary"; 
"PRATT, Samuel Jackson"; 
"REGNAULT-WARIN, Jean-Baptiste-Joseph-Innocent-Philadelphe"; 
"REGNAULT-WARIN, Jean-Baptiste-Joseph-Innocent-Philadelphe"; 
"REGNAULT-WARIN, Jean-Baptiste-Joseph-Innocent-Philadelphe"; 
"SEWRIN, Charles-Augustin de"; 
"SICKELMORE, Richard"; 
"SOLLIER, Pierre"; 
"SPIESS, Christian Heinrich"; 
"SUREMAIN, Louise-Marie Melchior"; 
"WALKER, George"; 
"WEST, Jane"; 
"WEST, Jane"; 
"WIELAND, Christoph Martin"; 
"BAHRDT, Cari Friedrich"; 
"BLANCHARD, PierTe"; 
"BLANCHARD, Pierre"; 
"BLANCHARD, Pierre"; 
"BRANDON, Isaac"; 
"BRAYER DE SAINT-LEON, Louise-Marguerite-Jeanne-Madelcine"; 
"BRUNO, Louis de"; 
"CASTELNAU, marquis Gabriel de"; 
"COIFFIER DE VERSEUX, Henri-Louis"; 
"COMPAGNONI, Giuseppe"; 
"DAMIN, Louis"; 
"DESFORGES, Pierre-Jean-Baptiste Choudard Adelphine de"; 
"DIANNYERE, Antoine"; 
"DORVIGNY, Louis-Archambault"; 
"DORVIGNY, Louis-Archambault"; 
"DORVIGNY, Louis-Archambault"; 
"FLORIAN, Jean-Pierre"; 
"FOX, John"; 
"FULCHIRON, Jean-Claude"; 
"GODWIN, William"; 
"GOETHE, Johann Wolfgang von"; 
"GOSSE, Etienne"; 
"GRANDMAJSON VAN ESBECQ, madame"; 
"HAYS, Mary"; 
"HAYWOOD, Eliza"; 
"HEINSE, Johann Jacob Wilhelm"; 
"HELME, Elizabeth"; 
"KING, Sophia"; 
"LA GRAVE, comtesse de"; 
"LEE, Harriet"; 
"CAMP AN, Dominique"; 
"COVENTRY, Francis"; 
"CROCE, Giulio Cesare"; 
"FYOT DE LA MARCHE, Jean-Philippe"; 
"LACOSTE, Jean-Baptiste"; 
"LA PLACE, Pierre-Antoine de"; 
"LUBERT, mademoiselle de"; 
"LUBERT, mademoiselle de"; 
"MAUBERT DE GOUVEST, Jean-Henri"; 
"STANISLAS I, roi de Pologne"; 
"VILLENEUVE, Gabrielle-Suzanne Barbot de"; 
"GIMAT DE BONNEVAL, Jean-Baptiste"; 
"ARBUTHNOT, John"; 
"MAILHOL, Gabriel"; 
"MOET, Jean-Pierre"; 
"SMOLLETT, Tobias"; 
"VILLENEUVE, Gabrielle-Suzanne Barbot de"; 
"BERINGTON, Simon"; 
"BOUDIER DE VILLEMERT, Pierre-Joseph"; 
"BARET, Paul"; 
"CLELAND, John"; 
"CREBILLON, Claude-Prosper Jolyot de"; 
"GELLERT, Christian Furchtegott"; 
"HAYWOOD, Eliza"; 
"HAYWOOD, Eliza"; 
"LA PLACE, Pierre-Antoine de"; 
"LE CAMUS, Antoine"; 
"LEPRINCE DE BEAUMONT, madame Marie"; 
"MAGNY, Jean-Baptiste-Michel"; 
"MARESCOT, Michel"; 
"MAUBERT DE GOUVEST, Jean-Henri"; 
"MAUBERT DE GOUVEST, Jean-Henri"; 
"MAUBERT DE GOUVEST, Jean-Henri"; 
"MERAY, chevalier de"; 
"SAURIN, Bernard-Joseph"; 
"VILLENEUVE, Gabrielle-Suzanne Barbot de"; 
"DUCLOS, chevalier"; 
"FAGNAN, Marie-Antoinette"; 
"GUER, Julien-Hyacinthe de n"; 
"GUYS, Jean-Baptiste"; 
"LA BEAUMELLE, Laurent Angliviel de"; 
"LINGUET, Simon-Nicolas-Henri"; 
"LUBERT, mademoiselle de"; 
"MAILHOL, Gabriel"; 
"MARCILLY, Laurent"; 
"MARESCOT, Michel"; 
"MARESCOT, Michel"; 
"RICHARDSON, Samuel"; 
"DESBIEFS, Louis"; 
"DESBIEFS, Louis"; 
"DUCLOS, chevalier"; 
"DU TERRAIL, Joseph"; 
"LECORVAISIER, Pierre-Jean"; 
"LEPRINCE DE BEAUMONT, madame Marie"; 
"LESCALOPIER DE NOURAR, Charles-Armand"; 
"MAGNY, Jean-Baptiste-Michel"; 
"QUEVEDO Y VILLEGAS, Francisco Gomez de"; 
"THOREL DE CAMPIGNEULLES, Charles-Claude Florent de"; 
"BARET, Paul"; 
"GOUDAR, Ange"; 
"ROUSSEAU, Jean-Jacques"; 
"SANDRAS DE COURTILZ, Catien de"; 
"TASSONI, Alessandro"; 
"ALGAROTTI, comte Francesco"; 
"BENOUVILLE, madame de"; 
"BRICAIRE DE LA DIXMERIE, Nicolas"; 
"FALQUES, Marianne-Agnes"; 
"LEPRINCE DE BEAUMONT, madame Marie"; 
"MARCHAND, Jean-Henri"; 
"NOLIVOS SAINT-CYR, Paul-Antoine"; 
"YON, le chevalier"; 
"BRICAIRE DE LA DIXMERIE, Nicolas"; 
"GESSNER, Salomon"; 
"HACOT, Joseph"; 
"JOHNSON, Samuel"; 
"LA GUESNERIE, Charlotte-Marie-Anne Charbonnier de"; 
"LEPRINCE DE BEAUMONT, madame Marie"; 
"LESUIRE, Robert-Martin"; 
"MARCHAND, Jean-Henri"; 
"MEUSNIER DE QUERLON, Anne-Gabriel"; 
"THOREL DE CAMPIGNEULLES, Charles-Claude Florent de"; 
"LEVESQUE, Pierre-Charles"; 
"MERAY, chevalier de"; 
"NEUFVILLE DE BRUNABOIS-MONTADOR, chevalier Jean- Florent-Joseph de"; 
"PON A, Francesco"; 
"ROUSSEAU, Jean-Jacques"; 
"SACY, Claude-Louis-Michel de"; 
"SELIS, Nicolas-Joseph"; 
"SMOLLETT, Tobias"; 
"TACONNET, Toussaint-Gaspard"; 
"DEFOE, Daniel"; 
"DORAT, Claude-Joseph"; 
"FIELDING, Henry"; 
"GESSNER, Salomon"; 
"KIMBER, Edward"; 
"MACPHERSON, James"; 
"ROUSSEAU, Jean-Jacques"; 
"TRESSAC DE VERGY, Pierre-Henri"; 
"BARET, Paul n"; 
"BEAURIEU, Gaspard"; 
"CAZOTTE, Jacques"; 
"COOPER, Maria Susanna"; 
"CREBILLON, Claude-Prosper Jolyot de"; 
"FIELDING, Henry"; 
"FIELDING, Sarah"; 
"GOLDSMITH, Oliver"; 
"HAWKESWORTH, John"; 
"LICHTWEHR, Magnus Gottfried"; 
"PALTOCK, Robert"; 
"THOREL DE CAMPIGNEULLES, Charles-Claude Florent de"; 
"UNCY, mademoiselle c"; 
"BARET, Paul"; 
"BILLARDON DE SAUVIGNY, Louis-Edmc"; 
"BROOKE, Frances Moore"; 
"DIGARD DE KERGUETTE, Jean"; 
"GESSNER, Salomon"; 
"GOUDAR, Ange"; 
"GRIVEL, Guillaume"; 
"LANGHORNE, John"; 
"LEPRINCE DE BEAUMONT, madame Marie"; 
"LESSING, Gotthold Ephraim"; 
"MAILHOL, Gabriel"; 
"NOUGARET, Pierre-Jean-Baptiste"; 
"POPE, Alexander"; 
"VILLENEUVE, de"; 
"ZACHARIAE, Friedrich Wilhelm"; 
"BILLARDON DE SAUVIGNY, Louis-Edme Histoire amoureuse de Pierre"; 
"HILL, sir John"; 
"KIMBER, Edward"; 
"LANGHORNE, John"; 
"LEPRINCE DE BEAUMONT, madame Marie"; 
"MAILHOL, Gabriel"; 
"MATON, Alexis"; 
"NOUGARET, Pierre-Jean-Baptiste"; 
"NOUGARET, Pierre-Jean-Baptiste"; 
"SACY, Claude-Louis-Michel de"; 
"SAINT-AUBIN, madame"; 
"THOREL DE CAMPIGNEULLES, Charles-Claude-Florent de"; 
"BODIN DE BOISMORTIER, Suzanne"; 
"CERFVOL, de"; 
"DE FOE, Daniel"; 
"DELACROIX, Jacques-Vincent"; 
"FRAMERY, Nicolas-Etienne"; 
"LEFEBVRE DE BEAUVRAY, Claude-Rigobert"; 
"LEPRINCE DE BEAUMONT, madame Marie"; 
"MAILHOL, Gabriel"; 
"MARESCOT, Michel"; 
"MOLINE, Pierre-Louis"; 
"NOUGARET, Pierre-Jean-Baptiste"; 
"RIDLEY, James"; 
"SMYTHIES, miss"; 
"SMYTHIES, miss"; 
"ARTAUD, Jean-Baptiste"; 
"CAZOTTE, Jacques"; 
"COSTARD, Jean-Pierre"; 
"DELACROIX, Jacques-Vincent"; 
"DELACROIX, Jacques-Vincent"; 
"GAUTIER DE MONTDORGE, Antoine"; 
"GIRAUD, Claude-Marie"; 
"GOLDSMITH, Oliver"; 
"JOHNSTON, Charles"; 
"LEPRINCE DE BEAUMONT, madame Marie"; 
"MARCHAND, Jean-Henri"; 
"MARCHAND, Jean-Henri"; 
"PFEIL, Johann Gottlob Benjamin"; 
"SACY, Claude-Louis-Michel de"; 
"SMYTHIES, miss"; 
"WALPOLE, Horace"; 
"BILLARDON DE SAUVIGNY, Louis-Edme"; 
"BORDE, Charles"; 
"BRUSSEL, Pierre"; 
"CHARPENTIER, Louis"; 
"CHIARI, Pietro"; 
"DUBOIS-FONTANELLE, Joseph-Gaspard"; 
"FIELDING, Henry"; 
"FONTENELLE, Bernard"; 
"GAIN DE MONTAGNAC, Louis-Laurent-Joseph"; 
"LABOUREYS, madame de"; 
"LA GUESNERIE, Charlotte-Marie-Anne Charbonnier de"; 
"LA PLACE, Pierre-Antoine de"; 
"LAUS DE BOISSY, Louis de"; 
"LEBRET, Alexis-Jean"; 
"MILLY, mademoiselle de"; 
"SACY, Claude-Louis-Michel de"; 
"THOREL DE CAMPIGNEULLES, Charles-Claude Florent de"; 
"VILLENEUVE, Gabrielle-Suzanne Barbot de"; 
"WIELAND, Christoph Martin"; 
"WIELAND, Christoph Martin"; 
"BARTHE, Nicolas-Thomas"; 
"BECCARY, madame"; 
"BRICAIRE DE LA DIXMERIE, Nicolas n"; 
"CASTILHON, Jean"; 
"CASTILHON, Jean-Louis"; 
"CHARPENTIER, Louis"; 
"COMPAN, Charles"; 
"COMPAN, Charles"; 
"DAMIENS DE GOMICOURT, Auguste-Pierre"; 
"DELACROIX, Jacques-Vincent"; 
"FRENAIS, Joseph-Pierre"; 
"GAUTIER DE MONTDORGE, Antoine"; 
"GIRAUD, Claude-Marie n"; 
"GUNNING, Suzannah"; 
"JOHNSTON, Charles"; 
"KLOPSTOCK, Friedrich Gottlieb"; 
"LACROIX, Pierre-Firmin de"; 
"LESBROS DE LA VERSANE, Louis"; 
"MARCHAND, Jean-Henri"; 
"NOUGARET, Pierre-Jean-Baptiste"; 
"ROUSSELOT DE SURGY, Jacques-Philibert"; 
"SACY, Claude-Louis-Michel de"; 
"SIRET, PierTe-Louis"; 
"STERNE, Laurence"; 
"STEVENS, John"; 
"WIELAND, Christoph Martin"; 
"BEAUCLAIR, Pierre-Louis de"; 
"BEAUMANOIR, de"; 
"BECCARY, madame"; 
"BROOKE, Frances Moore"; 
"CASTILHON, Jean"; 
"CASTILHON, Jean"; 
"CASTILHON, Jean"; 
"CASTILHON, Jean-Louis"; 
"CASTILHON, Jean-Louis"; 
"CHARPENTIER, Louis"; 
"CHINIAC DE LA BASTIDE DU CLAUX, Pierre de"; 
"DES ESSARTS, chevalier"; 
"DORAT, Claude-Joseph"; 
"DUBOIS-FONTANELLE, Joseph-Gaspard"; 
"FALCONET, Ambroise"; 
"FRAMERY, Nicolas-Etienne"; 
"GILBERT, Nicolas-Joseph-Laurent"; 
"GRIFFITH, Mrs Elizabeth"; 
"GRIFFITH, Mrs Elizabeth"; 
"HAYWOOD, Eliza"; 
"HAYWOOD, Eliza"; 
"HAYWOOD, Eliza"; 
"KORN, Christoph Heinrich"; 
"LEPRINCE DE BEAUMONT, madame Marie"; 
"LESBROS DE LA VERSANE, Louis"; 
"MOLINE, Pierre-Louis"; 
"POTTER, John"; 
"STICOTTI, Antoine-Fabio"; 
"DORAT, Claude-Joseph"; 
"GARNIER, Charles-Georgcs-Thomas"; 
"LAUS DE BOISSY, Louis de et"; 
"LOEN, Johann Michael von"; 
"MACPHERSON, James et des AUTEURS INCONNUS et"; 
"NOUGARET, Pierre-Jean-Baptiste"; 
"VERNES, Jacques"; 
"WIELAND, Christoph Martin"; 
"WIELAND, Christoph Martin"; 
"WIELAND, Christoph Martin"; 
"ZACHARIAE, Friedrich Wilhelm"; 
"ZIEGLER UND KLIPHAUSEN, Heinrich Anselm von"; 
"BRET, Antoine"; 
"BUTEL-DUMONT, Georges-Marie"; 
"CARRA, Jean-Louis"; 
"CAZOTTE, Jacques"; 
"DORAT, Claude-Joseph"; 
"HALLER, Albrecht von"; 
"LA PLACE, Pierre-Antoine de"; 
"MONNET, Jean"; 
"POINSINET DE SIVRY, Louis"; 
"ZAYAS Y SOTOMAYOR, Dofia"; 
"ALGAROTTI, comte Francesco"; 
"BONHOTE, Mrs Elizabeth"; 
"BRICAIRE DE LA DIXMERIE, Nicolas"; 
"COMPAN, Charles"; 
"GILBERT, Nicolas-Joseph-Laurent"; 
"KELLY, Hugli"; 
"LAISSE, madame de"; 
"LA PLACE, Pierre-Antoine de"; 
"LECLERC, Louis-Claude"; 
"PRATT, Samuel Jackson"; 
"WIELAND, Christoph Martin"; 
"HAWKESWORTH, John"; 
"LAISSE, madame de"; 
"LEPRINCE DE BEAUMONT, madame Marie"; 
"MACPHERSON, James"; 
"RETIF DE LA BRETONNE, Nicolas-Edme"; 
"BOUTET DE MONVEL, Jacques-Marie"; 
"ARIOSTO, Lodovico"; 
"CAYLUS, Anne-Gaude-Philippe de"; 
"CERVANTES SAAVEDRA, Miguel de"; 
"HALLER, Albrecht von"; 
"LAISSE, madame de"; 
"LEPRINCE DE BEAUMONT, madame Marie"; 
"MACKENZIE, Henry"; 
"MACKENZIE, Henry"; 
"MACKENZIE, Henry"; 
"NOUGARET, Pierre-Jean-Baptiste"; 
"BEAUHARNAIS, Fanny de"; 
"DANTU, Antoine-Marie c"; 
"GOETHE, Johann Wolfgang von"; 
"HAMILTON, comte Antoine"; 
"LEPRINCE DE BEAUMONT, madame Marie"; 
"MILCENT, Jean-Baptiste-Gabriel-Marie de"; 
"MOTTE, mademoiselle"; 
"SAINT-CHAMOND, marquis de"; 
"STERNE, Laurence"; 
"VIOLAINE, madame la comtesse de"; 
"BARET, Paul"; 
"BASEDOW, Johann Bernhard"; 
"BERTIN, le chevalier Antoine de"; 
"BERTRAND, Elie"; 
"BOISGIRON, madame de"; 
"BRISSOT DE WARVILLE, Jacques-Pierre"; 
"BROOKE, Frances Moore"; 
"CAZALET, Nicolas"; 
"COTENEUVE, de"; 
"DIDEROT, Denis"; 
"DIONIS, mademoiselle"; 
"DOMAIRON, Louis"; 
"GRIFFITH, Elizabeth"; 
"LAWRENCE, Herbert"; 
"MACPHERSON, James"; 
"MAYER, Charles-Joseph de"; 
"NOUGARET, Pierre-Jean-Baptiste"; 
"SEALLY, John"; 
"ALEMAN, Mateo"; 
"BARBEU DU BOURG, Jacques"; 
"BEAUHARNAIS, Fanny de"; 
"BECCARY, madame"; 
"BEUVIUS, Adam"; 
"BLONDEAU, Etienne-Nicolas"; 
"BROOKE, Frances Moore"; 
"GAIN DE MONTAGNAC, Louis-Laurent-Joseph"; 
"MOTTE, mademoiselle"; 
"MOUTONNET DE CLAIRFONS, Julien-Jacques"; 
"BARDOU, Jean"; 
"DENON, baron"; 
"MACKENZIE, Henry"; 
"MAYER, Charles-Joseph de"; 
"MOLLET, Jean-Louis"; 
"NOUGARET, Pierre-Jean-Baptiste"; 
"SEALLY, John"; 
"BEAUHARNAIS, Fanny de"; 
"BOIARDO, Matteo Maria"; 
"FRENAIS, Joseph-Pierre"; 
"LA BORDE, Jean-Benjamin de"; 
"LE FERON, chevalier"; 
"LESUIRE, Robert-Martin"; 
"NOUGARET, Pierre-Jean-Baptisle"; 
"ORTUNEZ DE CALAHORRA, Diego"; 
"RETIF DE LA BRETONNE, Nicolas-Edme"; 
"RETIF DE LA BRETONNE, Nicolas-Edme"; 
"ROUSSEAU, Jean-Jacques"; 
"WIELAND, Christopli Martin"; 
"BEAUHARNAIS, Fanny de"; 
"BECCARY, madame"; 
"BRIDEL, Jean-Louis"; 
"DUBOIS-FONTANELLE, Joseph-Gaspard"; 
"LA PLACE, Pierre-Antoine"; 
"ROUSSEAU, Jean-Jacques"; 
"BERQUIN, Arnaud"; 
"BEU VIUS, Adam"; 
"COURET DE VILLENEUVE, Louis-Pierre"; 
"DURAND, Antoine-Joseph"; 
"HALLER, Albrechtvon"; 
"LA GUESNERIE, Charlotte-Marie-Anne Charbonnier de"; 
"LESUIRE, Robert-Martin"; 
"LE VACHER DE CHARNOIS, Jean-Charles"; 
"CAMPE, Joachim"; 
"CASTILHON, Jean"; 
"CONSTANT DE REBECQUE, Samuel de"; 
"FLORIAN, Jean-Pierre"; 
"GRIVEL, Guillaume"; 
"MILLER, Johann Martin"; 
"MONTESQUIEU, Charles-Louis de"; 
"PESTALOZZI, Johann Heinrich"; 
"PRATT, Samuel Jackson"; 
"BERQUIN, Arnaud"; 
"CAMBRY, Jacques"; 
"FLORIAN, Jean-Pierre Claris de"; 
"GORJY, Jean-Claude"; 
"JACOBI, Johann Georg"; 
"LE CAMUS DE MEZIERES, Nicolas"; 
"MAYER, Charles-Joseph de"; 
"MAYER, Charles-Joseph de"; 
"PEZZL, Johann"; 
"PIROUX, Joseph"; 
"POUGENS, Marie-Charles-Joseph de"; 
"REEVE, Mrs Clara"; 
"BRICAIRE DE LA DIXMERIE, Nicolas"; 
"CONSTANT DE REBECQUE, Samuel de"; 
"DIDOT, Pierre"; 
"FONTETTE DE SOMMERY, mademoiselle"; 
"GRAJNVILLE, Jean-Baptiste-Christophe"; 
"HAREN, Willem van"; 
"LA VEAUX, Jean-Cliarles-Thibault de"; 
"LESUIRE, Robert-Martin"; 
"MAYER, Charles-Joseph de"; 
"NOUGARET, Pierre-Jean-Baptiste"; 
"STERNE, Laurence"; 
"BEAUHARNAIS, Fanny de"; 
"CONSTANT DE REBECQUE, Samuel de"; 
"DAUBENTON, Marguerite"; 
"DAY, Thomas"; 
"DEMOUSTIER, Charles-Albert"; 
"FLORIAN, Jean-Pierre"; 
"HAVE, Adrien-Joseph"; 
"LANTEIRES, Jean"; 
"LECLERC, Jean-Baptiste"; 
"LEE, Sophia"; 
"MAIMIEUX, Joseph de"; 
"MAIMIEUX, Joseph de"; 
"MONTOLIEU, Elisabeth-Jeanne-Pauline"; 
"MULLER, Johann Gottwerth"; 
"RETIF DE LA BRETONNE, Nicolas-Edme"; 
"VILLETERQUE, Alexandre-Louis"; 
"BEAUHARNAIS, Fanny de"; 
"BECKFORD, William Vathek"; 
"COMBE, William"; 
"DANTAL, Charles"; 
"DECAMBON VAN DER WERKEN, Maria Gertruida t"; 
"DIDOT, Pierre"; 
"DUPLESSIS, chevalier Pierre"; 
"FLORIAN, Jean-Pierre"; 
"GAUTHIER, madame de"; 
"HELME, Elizabeth"; 
"HUGHES, Mrs Anne"; 
"LESUIRE, Robert-Martin"; 
"LOUVET DE COUVRAY, Jean-Baptiste"; 
"MAYER, Charles-Joseph de"; 
"NOUGARET, Pierre-Jean-Baptiste"; 
"PRATT, Samuel Jackson"; 
"RASPE, Rudolf Erich"; 
"REEVE, Mrs Gara"; 
"RONESSE, Jacques-Hippolyte"; 
"SAINT-PIERRE, Jacques-Henri"; 
"STETTEN, Paul von"; 
"BAGE, Robert"; 
"BENNETT, Agnes Maria"; 
"BENNETT, Agnes Maria"; 
"BERKELEY, George Monck"; 
"BILDERBECK, baron Ludwig Benedict Franz von"; 
"BLOWER, Elizabeth"; 
"BONHOTE, Mrs Elizabeth"; 
"BRICAIRE DE LA DIXMERIE, Nicolas"; 
"CAZOTTE, Jacques et des AUTEURS INCONNUS t"; 
"CAZOTTE, Jacques"; 
"DAUBENTON, Marguerite"; 
"FANTIN-DESODOARDS, Antoine-Etienne-Nicolas"; 
"FLORIAN, Jean-Pierre"; 
"FONTETTE DE SOMMERY, mademoiselle"; 
"FUMELH, madame de"; 
"GODWIN, William"; 
"GOLDSMITH, Oliver"; 
"GORJY, Jean-Claude"; 
"GRIFFITH, Mrs Elizabeth"; 
"HAWKE, lady Cassandra"; 
"HAYLEY, William"; 
"HELME, Elizabeth"; 
"HERIOT, John"; 
"HERVEY, Elizabeth"; 
"HOWELL, Mrs"; 
"HUGHES, Mrs Anne"; 
"JOHNSTON, Charles"; 
"KEIR, Mrs"; 
"LA PLACE, Pierre-Antoine de"; 
"LEE, Harriet"; 
"LESUIRE, Robert-Martin"; 
"LE VACHER DE CHARNOIS, Jean-Charles"; 
"LOUVET DE COUVRAY, Jean-Baptiste"; 
"MAIMIEUX, Joseph de"; 
"MAIMIEUX, Joseph de"; 
"MAYER, Charles-Joseph de"; 
"PARENT, madame"; 
"SAUTREAU DE MARSY, Claude-Sixte"; 
"SCHEL, Alexandre de"; 
"SCHULZ, Joachim Christoph Friedrich"; 
"SOAVE, Francesco"; 
"TRIMMER, Sarah"; 
"WERTHES, Friedrich August Clemens"; 
"WIESENHUETTEN, Frederike"; 
"CHIARI, Pietro"; 
"CUMBERLAND, Richard"; 
"DECREMPS, Henri"; 
"DELLECOURT, Philippe-Joseph"; 
"DEVAINES, Jean"; 
"DIDOT, Pierre"; 
"DUPLESSIS, chevalier Pierre"; 
"DUPLESSIS, chevalier Pierre"; 
"FONTETTE DE SOMMERY, mademoiselle"; 
"FULLER, Anne"; 
"FULLER, Anne"; 
"GALLAIS, Jean-Pierre"; 
"GETNON-VILLE, comtesse de"; 
"GORJY, Jean-Claude"; 
"HAYLEY, William"; 
"HERIOT, John"; 
"HUGHES, Mrs Anne"; 
"JOHNSON, Anna Maria"; 
"KLINGER, Friedrich Maximilian"; 
"LESUIRE, Robert-Martin"; 
"LESUIRE, Robert-Martin"; 
"MACKENZIE, Anna Maria"; 
"MAIMIEUX, Joseph de"; 
"MEISSNER, August Gottlieb"; 
"NESMOND, comtesse de"; 
"NOUGARET, Pierre-Jean-Baptiste"; 
"PRATT, Samuel Jackson"; 
"REEVE, Mrs Clara"; 
"ROCHE, Regina Maria"; 
"ROSNY, Antoine-Joseph-Nicolas de"; 
"ARTAUD, Jean-Baptiste"; 
"BERQUIN, Arnaud"; 
"BILDERBECK, baron Ludwig Benedict Franz von"; 
"CHAMBERT, Pierre"; 
"FULLER, Anne"; 
"GESSNER, Salomon"; 
"GORJY, Jean-Claude"; 
"GORJY, Jean-Claude"; 
"LOUVET DE COUVRAY, Jean-Baptiste"; 
"MAYER, Charles-Joseph de"; 
"MEISSNER, August Gottlieb"; 
"MILLON, Charles"; 
"MOUTONNET DE CLAIRFONS, Julien-Jacques"; 
"SERIEYS, Antoine"; 
"BERQUIN, Arnaud"; 
"BOULARD, Martin-Sylvestre"; 
"FLORIAN, Jean-Pierre"; 
"GORJY, Jean-Claude"; 
"LOUVET DE COUVRAY, Jean-Baptiste"; 
"PERRIN, Pierre"; 
"SAINT-PIERRE, Jacques-Henri"; 
"VESQUE DE PUTTELANGE, Jean"; 
"FLORIAN, Jean-Pierre"; 
"GOODRICKJE, Henry"; 
"LEROUX, Adrien"; 
"LESUIRE, Robert-Martin"; 
"NOUGARET, Pierre-Jean-Baptiste"; 
"SAINT-PIERRE, Jacques-Henri"; 
"WEZEL, Johann Karl"; 
"FEITH, Rhinjvis"; 
"KEIR, Mrs"; 
"VILLETERQUE, Alexandre-Louis"; 
"WIESENHUETTEN, Frederike"; 
"BARBA, Jean-Nicolas"; 
"RAITHBY, John"; 
"BILDERBECK, baron Ludwig Benedict Franz von"; 
"BLANCHARD, Pierre"; 
"MAISTRE, comte Xavier de"; 
"BOIELDIEU, Marie-Jacques-Amand"; 
"BOOSER, madame"; 
"MATON DE LA VARENNE, Pierre-Anne-Louis de"; 
"MATON DE LA VARENNE, Pierre-Anne-Louis de n"; 
"SMITH, John"; 
"SPIESS, Christian Heinrich"; 
"TOMLINS, Elizabeth Sophia et Sophia LEE"; 
"WIELAND, Christoph Martin"; 
"BLANCHARD, Pierre"; 
"BLANCHARD, Pierre"; 
"BLANCHARD, Pierre"; 
"CAMPENON, Vincent"; 
"FEITH, Rhinjvis"; 
"GODWIN, William"; 
"GODWIN, William"; 
"GRASSET-SAINT-SAUVELIR, Jacques"; 
"GRASSET-SAINT-SAUVEUR, Jacques"; 
"HAUDRY, mademoiselle"; 
"JACOBI, Friedrich Heinrich"; 
"MALLET, Jean-Louis"; 
"MOLINE, Pierre-Louis"; 
"MOORE, Dr John"; 
"ROUGET DE LISLE, Claude-Joseph"; 
"SCHULZ, Joachim Christoph Friedrich"; 
"SPIESS, Christian Heinrich"; 
"SPIESS, Christian Heinrich"; 
"SPIESS, Christian Heinrich"; 
"WIELAND, Christoph Martin"; 
"BLANCHARD, Pierre"; 
"BOULARD, Martin-Sylvestre"; 
"BOURLIN, Antoine-Jean"; 
"CAMBRY, Jacques"; 
"CUMBERLAND, Richard"; 
"DIDEROT, Denis"; 
"DIDEROT, Denis"; 
"GALLAND, Antoine"; 
"GALLAND, Antoine"; 
"GRANDMAISON VAN ESBECQ, madame"; 
"HENRION, Charles"; 
"HENRION, Charles"; 
"LAFONTAINE, August Heinrich Julius"; 
"LEIGH, sir Samuel Egerton"; 
"LESUIRE, Robert-Martin"; 
"LESUIRE, Robert-Martin"; 
"LEWIS, Matthew Gregory"; 
"MARSHALL, Edmund"; 
"MOORE, Dr John"; 
"RICHARDSON, William"; 
"RIPAULT, Louis-Madeleine"; 
"ROBINSON, Mary Darby"; 
"ROCHE, Regina Maria"; 
"ROSNY, Antoine-Joseph-Nicolas de"; 
"ROSNY, Antoine-Joseph-Nicolas de"; 
"ROSNY, Antoine-Joseph-Nicolas de"; 
"ROSNY, Antoine-Joseph-Nicolas de"; 
"SANCY, madame de"; 
"BLANCHARD, Pierre"; 
"BLANCHARD, Pierre"; 
"BOULARD, Martin-Sylvestre"; 
"BOUTERWEK, Friedrich"; 
"DESFORGES, Pierre-Jean-Baptiste Choudard"; 
"HAYWOOD, Eliza"; 
"HOLCROFT, Thomas"; 
"KLINGER, Friedrich Maximilian"; 
"KOTZEBUE, August Friedrich Ferdinand von"; 
"LAFONTAINE, August Heinrich Julius"; 
"LATHOM, Francis"; 
"LEE, Margaret"; 
"LEMAIRE, Henri"; 
"LESUIRE, Robert-Martin"; 
"MACKENZIE, Anna Maria"; 
"MASSIAS, baron Nicolas"; 
"MOORE, George"; 
"REMER, Julius August"; 
"ROBINSON, Mary Darby"; 
"ROSNY, Antoine-Joseph-Nicolas de"; 
"ROSNY, Antoine-Joseph-Nicolas de"; 
"SMOLLETT, Tobias"; 
"SOAVE, Francesco"; 
"KOTZEBUE, August Friedrich Ferdinand von"; 
"LA GRAVE, comtesse de"; 
"LA GRAVE, comtesse de"; 
"LA GRAVE, comtesse de"; 
"LEJEUNE, Augustin"; 
"LEMAIRE, Henri"; 
"LEMAIRE, Henri"; 
"LEMAIRE, Henri"; 
"MACKENZIE, Anna Maria"; 
"MAIMIEUX, Joseph de"; 
"MUSGRAVE, Agnes"; 
"NOUGARET, Pierre-Jean-Baptiste"; 
"NOUGARET, Piene-Jean-Baptiste"; 
"PALMER, John"; 
"PERTUSIER, Charles"; 
"PIGAULT-LEBRUN, Charles-Antoine-Guillaume"; 
"PILKINGTON, Mary"; 
"PORTER, Anna Maria"; 
"REGNAULT-WARIN, Jean-Baptiste-Joseph-Innocent- Philadclphe"; 
"ROBINSON, Mary Darby"; 
"ROCHE, Regina Maria"; 
"ROSNY, Antoine-Joseph-Nicolas de"; 
"ROSNY, Antoine-Joseph-Nicolas de"; 
"ROSNY, Antoine-Joseph-Nicolas de"; 
"SAINT-MARTIN, Louis-Claude"; 
"SHERIDAN, William"; 
"SPENCER, lady Caroline"; 
"SURR, Thomas Skinner"; 
"THIARD DE BISSY, comte Henri-Charles de"; 
"WEST, Jane"; 
"WOLZOGEN, Friederike Sophie Karoline Auguste von t"; 
"BENNETT, Agnes Maria"; 
"BOURLIN, Antoine-Jean"; 
"BURTON, Mrs"; 
"CADET DE GASSICOURT, Charles-Louis"; 
"CHARLTON, Marv"; 
"CHARLTON, Mary"; 
"COIFFIER DE MORET, Simon"; 
"DELINDRE, Jean-Baptiste"; 
"DESFORGES, Pierre-Jean-Baptiste Choudard"; 
"DESFORGES, Pierre-Jean-Baptiste Choudard"; 
"DESFORGES, Pierre-Baptiste Choudard"; 
"DUPLESSY, baronne Alexandrine de"; 
"DUPLESSY, baronne"; 
"FISCHER, Christian August"; 
"HAYS, Mary"; 
"HELME, Elizabeth"; 
"HOWELL, Mrs"; 
"JOUY, Victor-Joseph-Etienne de"; 
